retailer,retailer_key,store_id,_name,address,full_address,zip_code,latitude,longitude,_phone,geocode_confidence,geocode_source,geocoded_at
Smart & Final,smart_and_final,499,499 - Phoenix - N. 43rd Ave,1450 N 43RD AVENUE,"1450 N 43RD AVENUE, PHOENIX, AZ 85009",85009,33.464216,-112.152005,(602) 353-0591,high,api,2026-03-11T22:12:52.204207+00:00
Smart & Final,smart_and_final,721,721 - Phoenix - Tatum,13823 N TATUM BLVD,"13823 N TATUM BLVD, PHOENIX, AZ 85032",85032,33.610316,-111.977743,(602) 569-9484,high,api,2026-03-11T22:12:11.483330+00:00
Smart & Final,smart_and_final,720,720 - Phoenix - Greenway,3434 W GREENWAY ROAD,"3434 W GREENWAY ROAD, PHOENIX, AZ 85053",85053,33.626407,-112.13253,(602) 843-3363,high,api,2026-03-11T22:13:05.332455+00:00
Smart & Final,smart_and_final,730,730 - Gilbert,750 N GILBERT ROAD,"750 N GILBERT ROAD, GILBERT, AZ 85234",85234,33.362623,-111.789822,(480) 926-2669,high,api,2026-03-11T22:12:27.113884+00:00
Smart & Final,smart_and_final,826,826 - Bullhead City,"2250 HIGHWAY 95, SUITE 496","2250 HIGHWAY 95, SUITE 496, BULLHEAD CITY, AZ 86442",86442,35.1052662,-114.5961277,(928) 758-1505,high,api,2026-03-11T22:14:30.183054+00:00
Smart & Final,smart_and_final,379,379 - Henderson,10050 EASTERN AVENUE,"10050 EASTERN AVENUE, HENDERSON, NV 89052",89052,36.006346,-115.112954,(702) 896-0269,high,api,2026-03-11T22:16:00.436303+00:00
Smart & Final,smart_and_final,744,744 - Las Vegas - E. Flamingo Rd.,3750 E FLAMINGO ROAD,"3750 E FLAMINGO ROAD, LAS VEGAS, NV 89121",89121,36.1153732,-115.094224,(702) 435-1167,high,api,2026-03-11T22:16:02.939724+00:00
Smart & Final,smart_and_final,352,352 - Las Vegas - Bonanza Rd,2305 BONANZA ROAD,"2305 BONANZA ROAD, LAS VEGAS, NV 89101",89101,36.17412,-115.118677,(702) 366-9500,high,api,2026-03-11T22:16:02.938371+00:00
Smart & Final,smart_and_final,350,350 - Las Vegas - W. Charleston Blvd,4439 W. CHARLESTON BLVD,"4439 W. CHARLESTON BLVD, LAS VEGAS, NV 89102",89102,36.15893,-115.200391,(702) 878-4104,high,api,2026-03-11T22:16:02.938397+00:00
Smart & Final,smart_and_final,442,442 - Las Vegas - W. Craig Rd,365 W. CRAIG ROAD,"365 W. CRAIG ROAD, NORTH LAS VEGAS, NV 89032",89032,36.239251,-115.148712,(702) 633-6064,high,api,2026-03-11T22:16:02.939715+00:00
Smart & Final,smart_and_final,728,728 - Las Vegas - N. Decatur Blvd,1941 N DECATUR BLVD,"1941 N DECATUR BLVD, LAS VEGAS, NV 89108",89108,36.1944402,-115.2064991,(702) 646-0110,high,api,2026-03-11T22:16:02.939699+00:00
Smart & Final,smart_and_final,489,489 - Las Vegas - W. Sahara Ave,8485 WEST SAHARA AVENUE,"8485 WEST SAHARA AVENUE, LAS VEGAS, NV 89117",89117,36.143815,-115.276426,(702) 255-2338,high,api,2026-03-11T22:16:02.939732+00:00
Smart & Final,smart_and_final,585,585 - Reno,365 E PLUMB LANE,"365 E PLUMB LANE, RENO, NV 89502",89502,39.505898,-119.799006,(775) 322-7905,high,api,2026-03-11T22:16:22.815158+00:00
Smart & Final,smart_and_final,823,823 - Los Angeles - Century,9850 SOUTH LAUREL BLVD,"9850 SOUTH LAUREL BLVD, LOS ANGELES, CA 90002",90002,33.95674,-118.22097,(323) 556-3367,high,api,2026-03-11T22:16:50.360853+00:00
Smart & Final,smart_and_final,790,790 - Huntington Park,3111 E. FLORENCE AVENUE,"3111 E. FLORENCE AVENUE, HUNTINGTON PARK, CA 90255",90255,33.9733232,-118.2118873,(323) 923-3456,high,api,2026-03-11T22:17:53.117764+00:00
Smart & Final,smart_and_final,333,333 - Lynwood - Long Beach Blvd,10833 LONG BEACH BLVD,"10833 LONG BEACH BLVD, LYNWOOD, CA 90262",90262,33.933805,-118.212371,(310) 631-8639,high,api,2026-03-11T22:16:55.240264+00:00
Smart & Final,smart_and_final,341,341 - Los Angeles- W. El Segundo Blv,1125 E. EL SEGUNDO BLVD,"1125 E. EL SEGUNDO BLVD, LOS ANGELES, CA 90059",90059,33.916522,-118.255429,(323) 569-7148,high,api,2026-03-11T22:16:52.822394+00:00
Smart & Final,smart_and_final,319,319 - Bell - Florence Ave,5029 E. FLORENCE AVENUE,"5029 E. FLORENCE AVENUE, BELL, CA 90201",90201,33.969246,-118.177122,(323) 562-3421,high,api,2026-03-11T22:17:53.117718+00:00
Smart & Final,smart_and_final,366,366 - Inglewood - S. Crenshaw Blvd,10100 S CRENSHAW BLVD,"10100 S CRENSHAW BLVD, INGLEWOOD, CA 90303",90303,33.94447,-118.326264,(323) 779-9966,high,api,2026-03-11T22:16:52.822456+00:00
Smart & Final,smart_and_final,484,484 - Los Angeles - S. Figueroa,845 SO. FIGUEROA ST. #100,"845 SO. FIGUEROA ST. #100, LOS ANGELES, CA 90017",90017,34.047257,-118.262399,(213) 629-0039,high,api,2026-03-11T22:17:53.117696+00:00
Smart & Final,smart_and_final,727,727 - Compton,280 EAST COMPTON BLVD,"280 EAST COMPTON BLVD, COMPTON, CA 90220",90220,33.8947517,-118.2208515,(310) 631-6130,high,api,2026-03-11T22:16:56.490247+00:00
Smart & Final,smart_and_final,457,457 - Inglewood - Centinela Ave,1575 CENTINELA AVENUE,"1575 CENTINELA AVENUE, INGLEWOOD, CA 90302",90302,33.976843,-118.366462,(310) 673-4997,high,api,2026-03-11T22:16:51.570701+00:00
Smart & Final,smart_and_final,444,444 - Los Angeles - Midtown,"4550 PICO BLVD, STE D303","4550 PICO BLVD, STE D303, LOS ANGELES, CA 90019",90019,34.0480276,-118.3354677,(323) 549-9586,high,api,2026-03-11T22:17:50.598600+00:00
Smart & Final,smart_and_final,511,511 - Lincoln Heights,2511 DALY STREET,"2511 DALY STREET, LOS ANGELES, CA 90031",90031,34.075214,-118.215786,(323) 539-2400,high,api,2026-03-11T22:17:53.117629+00:00
Smart & Final,smart_and_final,522,522 - Montebello,855 N WILCOX AVENUE,"855 N WILCOX AVENUE, MONTEBELLO, CA 90640",90640,34.030612,-118.125209,(323) 888-4204,high,api,2026-03-11T22:17:53.117550+00:00
Smart & Final,smart_and_final,529,529 - Lawndale,15205 HAWTHORNE BLVD,"15205 HAWTHORNE BLVD, LAWNDALE, CA 90260",90260,33.893454,-118.352874,(310) 973-2355,high,api,2026-03-11T22:16:52.822380+00:00
Smart & Final,smart_and_final,371,371 - Los Angeles - Wilshire Blvd,5555 WILSHIRE BLVD,"5555 WILSHIRE BLVD, LOS ANGELES, CA 90036",90036,34.062444,-118.349583,(323) 939-0946,high,api,2026-03-11T22:17:50.598529+00:00
Smart & Final,smart_and_final,363,363 - Los Angeles - N. Western Ave,939 N. WESTERN AVENUE,"939 N. WESTERN AVENUE, LOS ANGELES, CA 90029",90029,34.087781,-118.309294,(323) 466-9289,high,api,2026-03-11T22:17:50.598509+00:00
Smart & Final,smart_and_final,735,735 - La Cienega Blvd.,1833-B LA CIENEGA BLVD,"1833-B LA CIENEGA BLVD, LOS ANGELES, CA 90035",90035,34.0436499,-118.3769338,(310) 202-0120,high,api,2026-03-11T22:17:50.598619+00:00
Smart & Final,smart_and_final,311,311 - Bellflower,15930 BELLFLOWER BLVD,"15930 BELLFLOWER BLVD, BELLFLOWER, CA 90706",90706,33.888822,-118.125256,(562) 920-6268,high,api,2026-03-11T22:16:56.490254+00:00
Smart & Final,smart_and_final,330,330 - Los Angeles - Venice Blvd,10113 VENICE BLVD,"10113 VENICE BLVD, WEST LOS ANGELES, CA 90034",90034,34.022046,-118.401369,(310) 559-1722,high,api,2026-03-11T22:16:51.570674+00:00
Smart & Final,smart_and_final,745,745 - Long Beach,4480 ATLANTIC AVENUE,"4480 ATLANTIC AVENUE, LONG BEACH, CA 90807",90807,33.8392675,-118.1843988,(562) 216-1767,high,api,2026-03-11T22:16:56.490192+00:00
Smart & Final,smart_and_final,474,474 - W. Hollywood - Fuller Ave,1041 FULLER AVENUE,"1041 FULLER AVENUE, W HOLLYWOOD, CA 90046",90046,34.089724,-118.350016,(323) 876-0421,high,api,2026-03-11T22:17:50.598491+00:00
Smart & Final,smart_and_final,304,304 - Glendale - Verdugo Rd,210 N.VERDUGO ROAD,"210 N.VERDUGO ROAD, GLENDALE, CA 91206",91206,34.148533,-118.235522,(818) 243-4239,high,api,2026-03-11T22:17:53.117675+00:00
Smart & Final,smart_and_final,321,321 - Alhambra,725 E. MAIN STREET,"725 E. MAIN STREET, ALHAMBRA, CA 91801",91801,34.098712,-118.119677,(626) 281-2049,high,api,2026-03-11T22:17:53.117480+00:00
Smart & Final,smart_and_final,370,370 - Pasadena - N. Fair Oaks,401 N FAIR OAKS,"401 N FAIR OAKS, PASADENA, CA 91103",91103,34.152514,-118.150556,(626) 568-8446,high,api,2026-03-11T22:17:53.117581+00:00
Smart & Final,smart_and_final,428,428 - West Glendale,1855 W GLENOAKS BLVD,"1855 W GLENOAKS BLVD, GLENDALE, CA 91201",91201,34.17369,-118.292808,(818) 242-2486,high,api,2026-03-11T22:17:50.598471+00:00
Smart & Final,smart_and_final,485,485 - Pasadena - E. Colorado Blvd,3299 E COLORADO BLVD,"3299 E COLORADO BLVD, PASADENA, CA 91107",91107,34.146383,-118.083114,(626) 396-9677,high,api,2026-03-11T22:17:53.117605+00:00
Smart & Final,smart_and_final,941,941 - Burbank,3830 W VERDUGO AVENUE,"3830 W VERDUGO AVENUE, BURBANK, CA 91505",91505,34.1599713,-118.345117,(818) 954-8631,high,api,2026-03-11T22:17:50.598430+00:00
Smart & Final,smart_and_final,471,471 - Burbank,3708 W. BURBANK BLVD,"3708 W. BURBANK BLVD, BURBANK, CA 91505",91505,34.17456,-118.350337,(818) 562-3234,high,api,2026-03-11T22:17:50.598379+00:00
Smart & Final,smart_and_final,414,414 - Tujunga,6555 FOOTHILL BLVD,"6555 FOOTHILL BLVD, TUJUNGA, CA 91042",91042,34.245842,-118.274616,(818) 352-9399,high,api,2026-03-11T22:17:50.598566+00:00
Smart & Final,smart_and_final,817,817 - Torrance,17500 CRENSHAW BLVD.,"17500 CRENSHAW BLVD., TORRANCE, CA 90504",90504,33.8718293,-118.325728,(310) 538-5329,high,api,2026-03-11T22:16:52.822321+00:00
Smart & Final,smart_and_final,348,348 - Torrance - S. Vermont Ave,21600 S. VERMONT AVENUE,"21600 S. VERMONT AVENUE, TORRANCE, CA 90502",90502,33.81009,-118.290409,(310) 328-3023,high,api,2026-03-11T22:16:56.490205+00:00
Smart & Final,smart_and_final,921,921 - Redondo Beach - PCH,615 N PACIFIC COAST HWY,"615 N PACIFIC COAST HWY, REDONDO BEACH, CA 90277",90277,33.8520437,-118.3902524,(310) 372-2852,high,api,2026-03-11T22:16:52.822366+00:00
Smart & Final,smart_and_final,938,938 - Redondo Beach - S PCH,1516 S PACIFIC COAST HWY,"1516 S PACIFIC COAST HWY, REDONDO BEACH, CA 90277",90277,33.820836,-118.384335,(310) 540-6157,high,api,2026-03-11T22:16:52.822338+00:00
Smart & Final,smart_and_final,458,458 - Torrance - Pacific Coast Highw,2775 PACIFIC COAST HIGHWAY,"2775 PACIFIC COAST HIGHWAY, TORRANCE, CA 90505",90505,33.793697,-118.330965,(310) 539-3526,high,api,2026-03-11T22:16:56.490231+00:00
Smart & Final,smart_and_final,716,716 - Whittier,13003 WHITTIER BLVD,"13003 WHITTIER BLVD, WHITTIER, CA 90602",90602,33.966654,-118.036749,(562) 907-7037,high,api,2026-03-11T22:19:20.008059+00:00
Smart & Final,smart_and_final,482,482 - Whittier,15055 MULBERRY DRIVE,"15055 MULBERRY DRIVE, WHITTIER, CA 90604",90604,33.935597,-118.01037,(562) 941-7282,high,api,2026-03-11T22:19:23.713712+00:00
Smart & Final,smart_and_final,598,598 - Lakewood,4237 WOODRUFF AVENUE,"4237 WOODRUFF AVENUE, LAKEWOOD, CA 90713",90713,33.835304,-118.116674,(562) 429-0500,high,api,2026-03-11T22:19:18.768196+00:00
Smart & Final,smart_and_final,395,395 - Los Angeles - W. Pico Blvd,11221 PICO BLVD,"11221 PICO BLVD, LOS ANGELES, CA 90064",90064,34.03602,-118.437287,(310) 473-0344,high,api,2026-03-11T22:17:50.599126+00:00
Smart & Final,smart_and_final,315,315 - W. Los Angeles - Santa Monica,12210 SANTA MONICA BLVD,"12210 SANTA MONICA BLVD, WEST LOS ANGELES, CA 90025",90025,34.039849,-118.464534,(310) 207-8688,high,api,2026-03-11T22:17:48.083398+00:00
Smart & Final,smart_and_final,374,374 - North Hollywood - N. Laurel Ca,6601 NORTH LAUREL CANYON BLVD,"6601 NORTH LAUREL CANYON BLVD, NORTH HOLLYWOOD, CA 91606",91606,34.19049,-118.396681,(818) 982-6202,high,api,2026-03-11T22:17:50.598452+00:00
Smart & Final,smart_and_final,332,332 - Venice,604 LINCOLN BLVD,"604 LINCOLN BLVD, VENICE, CA 90291",90291,33.999984,-118.464909,(310) 392-4954,high,api,2026-03-11T22:16:51.570593+00:00
Smart & Final,smart_and_final,477,477 - Encino,16847 VENTURA BLVD,"16847 VENTURA BLVD, ENCINO, CA 91436",91436,34.15926,-118.501109,(818) 789-0242,high,api,2026-03-11T22:17:50.598547+00:00
Smart & Final,smart_and_final,440,440 - Long Beach - Atlantic Ave,1320 ATLANTIC AVENUE,"1320 ATLANTIC AVENUE, LONG BEACH, CA 90813",90813,33.783352,-118.184981,(562) 218-0991,high,api,2026-03-11T22:16:56.489992+00:00
Smart & Final,smart_and_final,434,434 - Long Beach,644 N. REDONDO BLVD,"644 N. REDONDO BLVD, LONG BEACH, CA 90814",90814,33.7745371,-118.1524014,(562) 438-0450,high,api,2026-03-11T22:16:56.490177+00:00
Smart & Final,smart_and_final,306,306 - Rancho Palos Verdes,28500 S. WESTERN AVENUE,"28500 S. WESTERN AVENUE, RANCHO PALOS VERDES, CA 90275",90275,33.761057,-118.31197,(310) 832-4179,high,api,2026-03-11T22:16:56.490210+00:00
Smart & Final,smart_and_final,422,422 - La Habra - W. Imperial Hwy,1941 W. IMPERIAL HIGHWAY,"1941 W. IMPERIAL HIGHWAY, LA HABRA, CA 90631",90631,33.917557,-117.966591,(562) 690-4516,high,api,2026-03-11T22:19:23.713671+00:00
Smart & Final,smart_and_final,381,381 - Buena Park,7930 VALLEY VIEW STREET,"7930 VALLEY VIEW STREET, BUENA PARK, CA 90620",90620,33.84747,-118.028304,(714) 521-3680,high,api,2026-03-11T22:19:22.481008+00:00
Smart & Final,smart_and_final,373,373 - El Monte,11110 E RAMONA BLVD,"11110 E RAMONA BLVD, EL MONTE, CA 91731",91731,34.072698,-118.0319,(626) 443-1381,high,api,2026-03-11T22:17:53.117654+00:00
Smart & Final,smart_and_final,324,324 - Woodland Hills,22631 VENTURA BLVD,"22631 VENTURA BLVD, WOODLAND HILLS, CA 91364",91364,34.167347,-118.619534,(818) 225-9590,high,api,2026-03-11T22:17:41.807118+00:00
Smart & Final,smart_and_final,512,512 - Winnetka,7224 MASON AVENUE,"7224 MASON AVENUE, WINNETKA, CA 91306",91306,34.201842,-118.579554,(818) 274-0111,high,api,2026-03-11T22:19:38.500351+00:00
Smart & Final,smart_and_final,923,923 - San Pedro,1636 WEST 25TH STREET,"1636 WEST 25TH STREET, SAN PEDRO, CA 90732",90732,33.7240337,-118.3135015,(310) 831-3631,high,api,2026-03-11T22:16:56.490214+00:00
Smart & Final,smart_and_final,317,317 - La Puente,15427 AMAR ROAD,"15427 AMAR ROAD, LA PUENTE, CA 91744",91744,34.0374388,-117.9487145,(626) 330-2495,high,api,2026-03-11T22:16:59.028927+00:00
Smart & Final,smart_and_final,367,367 - Covina,114 N. AZUSA AVENUE,"114 N. AZUSA AVENUE, COVINA, CA 91722",91722,34.086717,-117.907584,(626) 915-6619,high,api,2026-03-11T22:16:59.028896+00:00
Smart & Final,smart_and_final,594,594 - Stanton,7050 KATELLA AVENUE,"7050 KATELLA AVENUE, STANTON, CA 90680",90680,33.802696,-118.010114,(714) 799-2058,high,api,2026-03-11T22:19:22.480957+00:00
Smart & Final,smart_and_final,313,313 - Anaheim,630 N. EUCLID STREET,"630 N. EUCLID STREET, ANAHEIM, CA 92801",92801,33.840278,-117.941464,(714) 956-7981,high,api,2026-03-11T22:19:23.713641+00:00
Smart & Final,smart_and_final,746,746 - Duarte,1193 HUNTINGTON DRIVE,"1193 HUNTINGTON DRIVE, DUARTE, CA 91010",91010,34.1406729,-117.9791082,(626) 256-0108,high,api,2026-03-11T22:17:53.117741+00:00
Smart & Final,smart_and_final,794,794 - Azusa,303 E. FOOTHILL BLVD.,"303 E. FOOTHILL BLVD., AZUSA, CA 91702",91702,34.1334709,-117.9048485,(626) 334-5189,high,api,2026-03-11T22:16:59.028879+00:00
Smart & Final,smart_and_final,305,305 - San Dimas,1005 W. ARROW HIGHWAY,"1005 W. ARROW HIGHWAY, SAN DIMAS, CA 91773",91773,34.1079885,-117.8273683,(909) 592-2190,high,api,2026-03-11T22:16:59.028956+00:00
Smart & Final,smart_and_final,323,323 - San Fernando,2040 GLENOAKS BLVD,"2040 GLENOAKS BLVD, SAN FERNANDO, CA 91340",91340,34.2984608,-118.4390914,(818) 838-9187,high,api,2026-03-11T22:17:50.599030+00:00
Smart & Final,smart_and_final,460,460 - Granada Hills,16210 DEVONSHIRE STREET,"16210 DEVONSHIRE STREET, GRANADA HILLS, CA 91344",91344,34.25728,-118.485188,(818) 892-3338,high,api,2026-03-11T22:17:50.598639+00:00
Smart & Final,smart_and_final,919,919 - Westlake Village,5770 LINDERO CANYON ROAD,"5770 LINDERO CANYON ROAD, WESTLAKE VILLAGE, CA 91362",91362,34.1539947,-118.7947357,(818) 889-8253,high,api,2026-03-11T22:19:39.870657+00:00
Smart & Final,smart_and_final,917,917 - Simi Valley,5135 LOS ANGELES AVENUE,"5135 LOS ANGELES AVENUE, SIMI VALLEY, CA 93063",93063,34.272758,-118.692668,(805) 520-6035,high,api,2026-03-11T22:19:39.870602+00:00
Smart & Final,smart_and_final,420,420 - Northridge,18555 DEVONSHIRE STREET,"18555 DEVONSHIRE STREET, NORTHRIDGE, CA 91324",91324,34.2583994,-118.5378051,(818) 368-6409,high,api,2026-03-11T22:19:38.500334+00:00
Smart & Final,smart_and_final,465,465 - Simi Valley,1856  ERRINGER ROAD #B,"1856  ERRINGER ROAD #B, SIMI VALLEY, CA 93065",93065,34.270453,-118.761231,(805) 582-9231,high,api,2026-03-11T22:19:39.870528+00:00
Smart & Final,smart_and_final,468,468 - Santa Clarita,23640-B LYONS AVENUE,"23640-B LYONS AVENUE, NEWHALL, CA 91321",91321,34.379163,-118.54774,(661) 255-9822,high,api,2026-03-11T22:19:38.500366+00:00
Smart & Final,smart_and_final,483,483 - Valencia,28207 NEWHALL RANCH ROAD,"28207 NEWHALL RANCH ROAD, VALENCIA, CA 91355",91355,34.442851,-118.577275,(661) 775-1416,high,api,2026-03-11T22:17:46.831780+00:00
Smart & Final,smart_and_final,918,918 - Newbury Park,2100 NEWBURY ROAD,"2100 NEWBURY ROAD, NEWBURY PARK, CA 91320",91320,34.1826736,-118.9239029,(805) 375-0400,high,api,2026-03-11T22:19:28.552194+00:00
Smart & Final,smart_and_final,525,525 - Moorpark,864 LOS ANGELES AVENUE,"864 LOS ANGELES AVENUE, MOORPARK, CA 93020",93020,34.281013,-118.865471,(805) 523-2136,high,api,2026-03-11T22:19:39.870631+00:00
Smart & Final,smart_and_final,400,400 - Camarillo,389 ARNEILL ROAD,"389 ARNEILL ROAD, CAMARILLO, CA 93010",93010,34.2209,-119.039134,(805) 383-1020,high,api,2026-03-11T22:19:37.268385+00:00
Smart & Final,smart_and_final,467,467 - Rancho Cucamonga,8675 BASELINE ROAD,"8675 BASELINE ROAD, RANCHO CUCAMONGA, CA 91730",91730,34.121421,-117.616803,(909) 948-5366,high,api,2026-03-11T22:18:34.259543+00:00
Smart & Final,smart_and_final,408,408 - Ontario,1337 4TH STREET,"1337 4TH STREET, ONTARIO, CA 91764",91764,34.0776937,-117.6273016,(909) 988-8700,high,api,2026-03-11T22:18:34.259534+00:00
Smart & Final,smart_and_final,707,707 - Upland,1028 N MOUNTAIN AVENUE,"1028 N MOUNTAIN AVENUE, UPLAND, CA 91786",91786,34.107755,-117.668527,(909) 981-0250,high,api,2026-03-11T22:17:51.842739+00:00
Smart & Final,smart_and_final,494,494 - Chino - Central Ave,12164 CENTRAL AVENUE,"12164 CENTRAL AVENUE, CHINO, CA 91710",91710,34.032677,-117.68971,(909) 627-7687,high,api,2026-03-11T22:17:51.842754+00:00
Smart & Final,smart_and_final,308,308 - Pomona,160 W WILLOW STREET,"160 W WILLOW STREET, POMONA, CA 91768",91768,34.078935,-117.753628,(909) 622-3321,high,api,2026-03-11T22:17:51.842766+00:00
Smart & Final,smart_and_final,353,353 - Fontana,17000 FOOTHILL BLVD,"17000 FOOTHILL BLVD, FONTANA, CA 92335",92335,34.106765,-117.433603,(909) 429-9800,high,api,2026-03-11T22:19:00.723413+00:00
Smart & Final,smart_and_final,930,930 - El Cajon,13439 CAMINO CANADA,"13439 CAMINO CANADA, EL CAJON, CA 92021",92021,32.8239354,-116.9037052,(619) 390-1738,high,api,2026-03-11T22:18:16.816731+00:00
Smart & Final,smart_and_final,368,368 - San Diego - Clairmont Mesa Blv,5195 CLAIREMONT MESA BLVD,"5195 CLAIREMONT MESA BLVD, SAN DIEGO, CA 92117",92117,32.834216,-117.179216,(858) 541-2090,high,api,2026-03-11T22:18:20.532370+00:00
Smart & Final,smart_and_final,833,833 - San Diego - Rosecrans,3705 ROSECRANS ST,"3705 ROSECRANS ST, SAN DIEGO, CA 92110",92110,32.751130462240056,-117.20359023417298,(619) 344-2179,high,api,2026-03-11T22:18:18.081911+00:00
Smart & Final,smart_and_final,933,933 - San Diego - Tierrasanta Blvd,10633 TIERRASANTA BLVD,"10633 TIERRASANTA BLVD, SAN DIEGO, CA 92124",92124,32.821213,-117.101218,(858) 565-4560,high,api,2026-03-11T22:18:20.532355+00:00
Smart & Final,smart_and_final,932,932 - San Diego - Westview Pkwy,10740 WESTVIEW PARKWAY,"10740 WESTVIEW PARKWAY, SAN DIEGO, CA 92126",92126,32.9154641,-117.1223134,(858) 578-7343,high,api,2026-03-11T22:18:20.532293+00:00
Smart & Final,smart_and_final,940,940 - San Diego - University Ave,2235 UNIVERSITY AVENUE,"2235 UNIVERSITY AVENUE, SAN DIEGO, CA 92104",92104,32.748038,-117.1404077,(619) 291-1842,high,api,2026-03-11T22:18:21.664085+00:00
Smart & Final,smart_and_final,599,599 - Vista,1845 W VISTA WAY,"1845 W VISTA WAY, VISTA, CA 92083",92083,33.189115,-117.281055,(760) 732-1480,high,api,2026-03-11T22:18:02.904071+00:00
Smart & Final,smart_and_final,426,426 - Oceanside,1737 OCEANSIDE BLVD.,"1737 OCEANSIDE BLVD., OCEANSIDE, CA 92054",92054,33.191437,-117.360272,(760) 439-3489,high,api,2026-03-11T22:18:02.904149+00:00
Smart & Final,smart_and_final,928,928 - Carlsbad,955 CARLSBAD VILLAGE DRIVE,"955 CARLSBAD VILLAGE DRIVE, CARLSBAD, CA 92008",92008,33.1619179,-117.3434297,(760) 434-2449,high,api,2026-03-11T22:18:02.904133+00:00
Smart & Final,smart_and_final,929,929 - Santee,9870  MAGNOLIA AVENUE,"9870  MAGNOLIA AVENUE, SANTEE, CA 92071",92071,32.8564095,-116.9721521,(619) 449-2396,high,api,2026-03-11T22:18:20.532383+00:00
Smart & Final,smart_and_final,398,398 - El Cajon-Fletcher Pkwy/Marshall Ave,1090 FLETCHER PARKWAY,"1090 FLETCHER PARKWAY, EL CAJON, CA 92020",92020,32.809405,-116.975476,(619) 562-4151,high,api,2026-03-11T22:18:21.664125+00:00
Smart & Final,smart_and_final,931,931 - El Cajon - Fletcher Pkwy/Navajo Rd,2800 FLETCHER PARKWAY,"2800 FLETCHER PARKWAY, EL CAJON, CA 92020",92020,32.8008607,-117.0038297,(619) 589-7000,high,api,2026-03-11T22:18:21.664111+00:00
Smart & Final,smart_and_final,934,934 - La Mesa,3681 AVOCADO BLVD,"3681 AVOCADO BLVD, LA MESA, CA 91941",91941,32.7465995,-116.9587099,(619) 660-0611,high,api,2026-03-11T22:18:21.664072+00:00
Smart & Final,smart_and_final,355,355 - San Diego - El Cajon Blvd/62nd St,6235 EL CAJON BLVD,"6235 EL CAJON BLVD, SAN DIEGO, CA 92115",92115,32.76312,-117.063952,(619) 286-0688,high,api,2026-03-11T22:18:21.664058+00:00
Smart & Final,smart_and_final,581,581 - Poway,12339 POWAY ROAD,"12339 POWAY ROAD, POWAY, CA 92064",92064,32.9507588,-117.063532,(858) 748-0101,high,api,2026-03-11T22:18:20.532338+00:00
Smart & Final,smart_and_final,725,725 - Spring Valley,933 SWEETWATER ROAD,"933 SWEETWATER ROAD, SPRING VALLEY, CA 91977",91977,32.712716,-117.011101,(619) 668-9039,high,api,2026-03-11T22:18:21.664030+00:00
Smart & Final,smart_and_final,488,488 - San Marcos,770 W. SAN MARCOS BLVD,"770 W. SAN MARCOS BLVD, SAN MARCOS, CA 92069",92069,33.13683,-117.181089,(760) 510-1855,high,api,2026-03-11T22:18:02.904114+00:00
Smart & Final,smart_and_final,427,427 - Encinitas,479 ENCINITAS BLVD.,"479 ENCINITAS BLVD., ENCINITAS, CA 92024",92024,33.046912,-117.282449,(760) 753-6760,high,api,2026-03-11T22:18:00.525112+00:00
Smart & Final,smart_and_final,360,360 - Escondido,395 N ESCONDIDO BLVD,"395 N ESCONDIDO BLVD, ESCONDIDO, CA 92025",92025,33.123207,-117.086439,(760) 746-5490,high,api,2026-03-11T22:18:00.525125+00:00
Smart & Final,smart_and_final,935,935 - Coronado,150 B AVENUE,"150 B AVENUE, CORONADO, CA 92118",92118,32.6973465,-117.1711954,(619) 522-2014,high,api,2026-03-11T22:18:21.664098+00:00
Smart & Final,smart_and_final,347,347 - National City,1220 PLAZA BLVD,"1220 PLAZA BLVD, NATIONAL CITY, CA 91950",91950,32.677013,-117.093728,(619) 477-4126,high,api,2026-03-11T22:18:22.983734+00:00
Smart & Final,smart_and_final,742,742 - Chula Vista,40 N 4TH AVENUE UNIT D,"40 N 4TH AVENUE UNIT D, CHULA VISTA, CA 91910",91910,32.6514452,-117.0899404,(619) 691-0007,high,api,2026-03-11T22:18:22.983716+00:00
Smart & Final,smart_and_final,936,936 - Chula Vista,360 EAST H STREET,"360 EAST H STREET, CHULA VISTA, CA 91910",91910,32.6393081,-117.0510742,(619) 427-2996,high,api,2026-03-11T22:18:22.983671+00:00
Smart & Final,smart_and_final,718,718 - Coachella,49978 HARRISON STREET,"49978 HARRISON STREET, COACHELLA, CA 92236",92236,33.686189,-116.180397,(760) 398-9793,high,api,2026-03-11T22:18:24.241032+00:00
Smart & Final,smart_and_final,490,490 - La Quinta,79-770 HIGHWAY 111,"79-770 HIGHWAY 111, LA QUINTA, CA 92253",92253,33.71461,-116.294309,(760) 342-1646,high,api,2026-03-11T22:18:24.241095+00:00
Smart & Final,smart_and_final,331,331 - Banning,2971 W. RAMSEY STREET,"2971 W. RAMSEY STREET, BANNING, CA 92220",92220,33.925887,-116.909123,(951) 849-5658,high,api,2026-03-11T22:19:13.022685+00:00
Smart & Final,smart_and_final,354,354 - Hesperia,15111 BEAR VALLEY ROAD,"15111 BEAR VALLEY ROAD, HESPERIA, CA 92345",92345,34.470401,-117.333705,(760) 947-9217,high,api,2026-03-11T22:18:44.213974+00:00
Smart & Final,smart_and_final,733,733 - Colton,1023 N. MT. VERNON AVE,"1023 N. MT. VERNON AVE, COLTON, CA 92324",92324,34.0736674,-117.3139028,(909) 783-7964,high,api,2026-03-11T22:19:06.645135+00:00
Smart & Final,smart_and_final,514,514 - Riverside,5202 ARLINGTON AVENUE,"5202 ARLINGTON AVENUE, RIVERSIDE, CA 92504",92504,33.945942,-117.416233,(951) 689-1880,high,api,2026-03-11T22:19:06.645151+00:00
Smart & Final,smart_and_final,521,521 - Riverside,2744 CANYON SPRINGS PARKWAY,"2744 CANYON SPRINGS PARKWAY, RIVERSIDE, CA 92507",92507,33.940481,-117.281222,(951) 413-6003,high,api,2026-03-11T22:19:10.513996+00:00
Smart & Final,smart_and_final,741,741 - Highland,27550 BASE LINE STREET,"27550 BASE LINE STREET, HIGHLAND, CA 92346",92346,34.1212926,-117.203382,(909) 862-2759,high,api,2026-03-11T22:18:50.686786+00:00
Smart & Final,smart_and_final,719,719 - Moreno Valley,25050 ALESSANDRO BLVD,"25050 ALESSANDRO BLVD, MORENO VALLEY, CA 92553",92553,33.9184788,-117.2253074,(951) 242-3787,high,api,2026-03-11T22:19:10.513949+00:00
Smart & Final,smart_and_final,789,789 - Eastvale,13346 LIMONITE AVE,"13346 LIMONITE AVE, EASTVALE, CA 92880",92880,33.975262,-117.578795,(909) 773-1813,high,api,2026-03-11T22:19:00.723433+00:00
Smart & Final,smart_and_final,340,340 - Corona,760 N MAIN STREET,"760 N MAIN STREET, CORONA, CA 92880",92880,33.891921,-117.564088,(951) 737-4151,high,api,2026-03-11T22:18:55.645021+00:00
Smart & Final,smart_and_final,705,705 - Corona,928 EAST ONTARIO AVENUE,"928 EAST ONTARIO AVENUE, CORONA, CA 92881",92881,33.85077,-117.5498228,(951) 734-8363,high,api,2026-03-11T22:18:55.645038+00:00
Smart & Final,smart_and_final,443,443 - Hemet - W. Florida Ave,2525 W. FLORIDA AVENUE,"2525 W. FLORIDA AVENUE, HEMET, CA 92545",92545,33.747254,-116.998057,(951) 658-4791,high,api,2026-03-11T22:19:13.022638+00:00
Smart & Final,smart_and_final,469,469 - Murrieta,25060 MADISON AVENUE,"25060 MADISON AVENUE, MURRIETA, CA 92562",92562,33.557409,-117.200319,(951) 698-8495,high,api,2026-03-11T22:19:14.283994+00:00
Smart & Final,smart_and_final,821,821 - Temecula,32937 US HIGHWAY 79,"32937 US HIGHWAY 79, TEMECULA, CA 92592",92592,33.48491861075527,-117.08090306314709,(951) 216-7768,high,api,2026-03-11T22:19:09.181487+00:00
Smart & Final,smart_and_final,425,425 - Fullerton,2475 CHAPMAN,"2475 CHAPMAN, FULLERTON, CA 92831",92831,33.874418,-117.887845,(714) 441-1069,high,api,2026-03-11T22:19:24.972114+00:00
Smart & Final,smart_and_final,519,519 - Santa Ana,1523 WEST 17TH STREET,"1523 WEST 17TH STREET, SANTA ANA, CA 92706",92706,33.760212,-117.888904,(714) 954-0721,high,api,2026-03-11T22:19:23.713685+00:00
Smart & Final,smart_and_final,388,388 - Orange,1401 E KATELLA AVENUE,"1401 E KATELLA AVENUE, ORANGE, CA 92867",92867,33.809307,-117.839049,(714) 771-1470,high,api,2026-03-11T22:19:24.972146+00:00
Smart & Final,smart_and_final,382,382 - Huntington Beach - 6882 Edinger Ave,6882 EDINGER AVENUE,"6882 EDINGER AVENUE, HUNTINGTON BEACH, CA 92647",92647,33.729933,-118.009363,(714) 842-4637,high,api,2026-03-11T22:19:22.480971+00:00
Smart & Final,smart_and_final,592,592 - Fountain Valley,8956 WARNER AVENUE,"8956 WARNER AVENUE, FOUNTAIN VALLEY, CA 92708",92708,33.7157072,-117.9728603,(714) 847-4072,high,api,2026-03-11T22:19:22.480930+00:00
Smart & Final,smart_and_final,580,580 - Santa Ana,1308 W EDINGER AVENUE,"1308 W EDINGER AVENUE, SANTA ANA, CA 92704",92704,33.7259255,-117.8857665,(714) 549-2362,high,api,2026-03-11T22:19:22.480867+00:00
Smart & Final,smart_and_final,925,925 - Yorba Linda,21500 YORBA LINDA BLVD,"21500 YORBA LINDA BLVD, YORBA LINDA, CA 92887",92887,33.8774241,-117.7525941,(714) 693-3244,high,api,2026-03-11T22:19:24.972061+00:00
Smart & Final,smart_and_final,726,726 - Tustin,1114 IRVINE BLVD,"1114 IRVINE BLVD, TUSTIN, CA 92780",92780,33.747125,-117.810246,(714) 544-7495,high,api,2026-03-11T22:19:23.713698+00:00
Smart & Final,smart_and_final,375,375 - Irvine,14417 CULVER DRIVE,"14417 CULVER DRIVE, IRVINE, CA 92604",92604,33.705987,-117.786743,(949) 726-9402,high,api,2026-03-11T22:19:22.480943+00:00
Smart & Final,smart_and_final,423,423 - Huntington Beach - 9062 Adams Ave,9062 ADAMS AVENUE,"9062 ADAMS AVENUE, HUNTINGTON BEACH, CA 92646",92646,33.672059,-117.970234,(714) 968-3804,high,api,2026-03-11T22:19:22.480996+00:00
Smart & Final,smart_and_final,924,924 - Chino Hills,4200 CHINO HILLS PARKWAY,"4200 CHINO HILLS PARKWAY, CHINO HILLS, CA 91709",91709,33.9833386,-117.7142352,(909) 393-5837,high,api,2026-03-11T22:19:24.972132+00:00
Smart & Final,smart_and_final,942,942 - Diamond Bar,240 S DIAMOND BAR BLVD,"240 S DIAMOND BAR BLVD, DIAMOND BAR, CA 91765",91765,34.0218784,-117.8092636,(909) 444-0044,high,api,2026-03-11T22:19:24.972161+00:00
Smart & Final,smart_and_final,731,731 - Oxnard,2021 N OXNARD BLVD,"2021 N OXNARD BLVD, OXNARD, CA 93036",93036,34.2218639,-119.178748,(805) 485-2051,high,api,2026-03-11T22:19:36.008185+00:00
Smart & Final,smart_and_final,916,916 - Ventura,7800 TELEGRAPH ROAD,"7800 TELEGRAPH ROAD, VENTURA, CA 93004",93004,34.2799243,-119.1910476,(805) 647-4276,high,api,2026-03-11T22:19:37.268343+00:00
Smart & Final,smart_and_final,740,740 - Oxnard - Channel Island,1341 W CHANNEL ISLANDS BLVD,"1341 W CHANNEL ISLANDS BLVD, OXNARD, CA 93033",93033,34.176876,-119.193452,(805) 240-1199,high,api,2026-03-11T22:19:36.008151+00:00
Smart & Final,smart_and_final,390,390 - Ventura,2750 E. MAIN STREET,"2750 E. MAIN STREET, VENTURA, CA 93003",93003,34.273224,-119.25947,(805) 643-5556,high,api,2026-03-11T22:19:36.008208+00:00
Smart & Final,smart_and_final,421,421 - Delano,1700 HIGH STREET,"1700 HIGH STREET, DELANO, CA 93215",93215,35.777668,-119.248652,(661) 721-2163,high,api,2026-03-11T22:19:54.086761+00:00
Smart & Final,smart_and_final,828,828 - Hanford,552 NORTH 11TH AVENUE,"552 NORTH 11TH AVENUE, HANFORD, CA 93230",93230,36.3303,-119.65575,(559) 537-7953,high,api,2026-03-11T22:19:45.244805+00:00
Smart & Final,smart_and_final,796,796 - Porterville,1419 W. OLIVE AVENUE,"1419 W. OLIVE AVENUE, PORTERVILLE, CA 93257",93257,36.065749,-119.0490161,(559) 793-2689,high,api,2026-03-11T22:19:58.893218+00:00
Smart & Final,smart_and_final,430,430 - Tulare,1019 E. PROSPERITY AVENUE,"1019 E. PROSPERITY AVENUE, TULARE, CA 93274",93274,36.225258,-119.331899,(559) 686-6951,high,api,2026-03-11T22:20:10.183216+00:00
Smart & Final,smart_and_final,791,791 - Visalia,3424 S. MOONEY BLVD,"3424 S. MOONEY BLVD, VISALIA, CA 93277",93277,36.299813,-119.3115366,(559) 625-5429,high,api,2026-03-11T22:20:10.183200+00:00
Smart & Final,smart_and_final,384,384 - Visalia,640 W CENTER STREET,"640 W CENTER STREET, VISALIA, CA 93291",93291,36.331207,-119.298208,(559) 625-9044,high,api,2026-03-11T22:20:10.183156+00:00
Smart & Final,smart_and_final,326,326 - Bakersfield - Golden State Hwy,1725 GOLDEN STATE AVENUE,"1725 GOLDEN STATE AVENUE, BAKERSFIELD, CA 93301",93301,35.389731,-119.023936,(661) 326-7945,high,api,2026-03-11T22:20:23.824318+00:00
Smart & Final,smart_and_final,803,803 - Bakersfield,2644 MT VERNON AVE,"2644 MT VERNON AVE, BAKERSFIELD, CA 93306",93306,35.3930407,-118.9683622,(661) 871-3948,high,api,2026-03-11T22:20:22.642055+00:00
Smart & Final,smart_and_final,362,362 - Bakersfield-Stockdale Hwy,4980 STOCKDALE HIGHWAY,"4980 STOCKDALE HIGHWAY, BAKERSFIELD, CA 93309",93309,35.355438,-119.057166,(661) 323-1100,high,api,2026-03-11T22:20:23.824302+00:00
Smart & Final,smart_and_final,344,344 - Bakersfield - White Lane,3400 WHITE LANE,"3400 WHITE LANE, BAKERSFIELD, CA 93309",93309,35.31792,-119.040712,(661) 832-4540,high,api,2026-03-11T22:20:23.824333+00:00
Smart & Final,smart_and_final,508,508 - Bakersfield - Calloway Dr,2749 CALLOWAY DRIVE,"2749 CALLOWAY DRIVE, BAKERSFIELD, CA 93312",93312,35.38559,-119.110098,(661) 589-2579,high,api,2026-03-11T22:20:23.824258+00:00
Smart & Final,smart_and_final,913,913 - San Luis Obispo,1321 JOHNSON AVENUE,"1321 JOHNSON AVENUE, SAN LUIS OBISPO, CA 93401",93401,35.2818345,-120.6553364,(805) 596-0867,high,api,2026-03-11T22:20:38.951532+00:00
Smart & Final,smart_and_final,358,358 - Arroyo Grandesit_,1464 E GRAND AVENUE,"1464 E GRAND AVENUE, ARROYO GRANDE, CA 93420",93420,35.120738,-120.605766,(805) 574-1599,high,api,2026-03-11T22:20:38.951496+00:00
Smart & Final,smart_and_final,912,912 - Atascadero,8200 EL CAMINO REAL,"8200 EL CAMINO REAL, ATASCADERO, CA 93422",93422,35.4752989,-120.6567577,(805) 462-0865,high,api,2026-03-11T22:20:46.379391+00:00
Smart & Final,smart_and_final,336,336 - Santa Maria,1721 SO BROADWAY,"1721 SO BROADWAY, SANTA MARIA, CA 93454",93454,34.928989,-120.436286,(805) 925-6730,high,api,2026-03-11T22:20:43.714095+00:00
Smart & Final,smart_and_final,392,392 - Paso Robles,2121 SPRING STREET,"2121 SPRING STREET, PASO ROBLES, CA 93446",93446,35.636532,-120.692848,(805) 237-0323,high,api,2026-03-11T22:20:46.379377+00:00
Smart & Final,smart_and_final,939,939 - Paso Robles - Creston Rd,1191 E CRESTON ROAD,"1191 E CRESTON ROAD, PASO ROBLES, CA 93446",93446,35.624144,-120.6612844,(805) 237-0816,high,api,2026-03-11T22:20:46.379340+00:00
Smart & Final,smart_and_final,329,329 - Fresno - N. Blackstone Ave,5700 N. BLACKSTONE AVENUE,"5700 N. BLACKSTONE AVENUE, FRESNO, CA 93710",93710,36.821109,-119.790106,(559) 439-5954,high,api,2026-03-11T22:21:00.658657+00:00
Smart & Final,smart_and_final,781,781 - Fresno - First Street,7733 N FIRST STREET,"7733 N FIRST STREET, FRESNO, CA 93720",93720,36.8505849,-119.7759229,(559) 440-9266,high,api,2026-03-11T22:20:58.968858+00:00
Smart & Final,smart_and_final,449,449 - Fresno - W. Shaw Ave,3330 WEST SHAW AVENUE,"3330 WEST SHAW AVENUE, FRESNO, CA 93711",93711,36.808518,-119.85192,(559) 275-3250,high,api,2026-03-11T22:20:58.968931+00:00
Smart & Final,smart_and_final,807,807 - Clovis,790 W. SHAW AVENUE,"790 W. SHAW AVENUE, CLOVIS, CA 93612",93612,36.8071592,-119.726611,(559) 297-9376,high,api,2026-03-11T22:21:00.658604+00:00
Smart & Final,smart_and_final,712,712 - Fresno,2425 N BLACKSTONE AVENUE,"2425 N BLACKSTONE AVENUE, FRESNO, CA 93703",93703,36.772732,-119.79218,(559) 229-2944,high,api,2026-03-11T22:21:00.658646+00:00
Smart & Final,smart_and_final,328,328 - Fresno - H Street,631 H STREET,"631 H STREET, FRESNO, CA 93721",93721,36.728743,-119.788345,(559) 264-3514,high,api,2026-03-11T22:21:00.658635+00:00
Smart & Final,smart_and_final,453,453 - San Mateo,1840 SOUTH NORFOLK STREET,"1840 SOUTH NORFOLK STREET, SAN MATEO, CA 94403",94403,37.555253,-122.293132,(650) 345-1335,high,api,2026-03-11T22:21:46.352779+00:00
Smart & Final,smart_and_final,410,410 - Redwood City,1185 BROADWAY STREET,"1185 BROADWAY STREET, REDWOOD CITY, CA 94063",94063,37.48685,-122.213696,(650) 306-2450,high,api,2026-03-11T22:21:46.352821+00:00
Smart & Final,smart_and_final,441,441 - South San Francisco - Kenwood Way,249 KENWOOD WAY,"249 KENWOOD WAY, SOUTH SAN FRANCISCO, CA 94080",94080,37.64189,-122.42573,(650) 737-0915,high,api,2026-03-11T22:21:45.186696+00:00
Smart & Final,smart_and_final,320,320 - Daly City,6967 MISSION STREET,"6967 MISSION STREET, DALY CITY, CA 94014",94014,37.696244,-122.464312,(650) 997-3151,high,api,2026-03-11T22:21:42.853646+00:00
Smart & Final,smart_and_final,351,351 - San Francisco - Seventh Ave,350 SEVENTH AVENUE,"350 SEVENTH AVENUE, SAN FRANCISCO, CA 94118",94118,37.781951,-122.465248,(415) 751-9951,high,api,2026-03-11T22:23:57.213131+00:00
Smart & Final,smart_and_final,432,432 - Mountain View,141 E. EL CAMINO REAL,"141 E. EL CAMINO REAL, MOUNTAIN VIEW, CA 94040",94040,37.379477,-122.07147,(650) 962-1092,high,api,2026-03-11T22:21:14.112554+00:00
Smart & Final,smart_and_final,327,327 - Sunnyvale,1265 S. MARY AVENUE,"1265 S. MARY AVENUE, SUNNYVALE, CA 94087",94087,37.352438,-122.050704,(408) 245-4423,high,api,2026-03-11T22:21:14.112610+00:00
Smart & Final,smart_and_final,568,568 - San Pablo,13110 SAN PABLO AVENUE,"13110 SAN PABLO AVENUE, SAN PABLO, CA 94805",94805,37.950758,-122.332282,(510) 233-1756,high,api,2026-03-11T22:23:57.213225+00:00
Smart & Final,smart_and_final,445,445 - Oakland - 42nd Ave,1243 42ND AVENUE,"1243 42ND AVENUE, OAKLAND, CA 94601",94601,37.772438,-122.217278,(510) 536-7494,high,api,2026-03-11T22:23:31.951689+00:00
Smart & Final,smart_and_final,401,401 - Hayward,1094 SUEIRRO STREET,"1094 SUEIRRO STREET, HAYWARD, CA 94541",94541,37.662295,-122.115586,(510) 781-0865,high,api,2026-03-11T22:23:19.597593+00:00
Smart & Final,smart_and_final,338,338 - Vallejo,3901 SONOMA BLVD,"3901 SONOMA BLVD, VALLEJO, CA 94589",94589,38.125999,-122.255783,(707) 644-4281,high,api,2026-03-11T22:22:59.758435+00:00
Smart & Final,smart_and_final,717,717 - Antioch,2638 SOMERSVILLE ROAD,"2638 SOMERSVILLE ROAD, ANTIOCH, CA 94509",94509,37.999354,-121.842679,(925) 978-0551,high,api,2026-03-11T22:23:03.322710+00:00
Smart & Final,smart_and_final,786,786 - Danville,460 DIABLO ROAD,"460 DIABLO ROAD, DANVILLE, CA 94526",94526,37.8241094,-121.9923231,(925) 552-8153,high,api,2026-03-11T22:23:19.597611+00:00
Smart & Final,smart_and_final,526,526 - San Rafael,935 ANDERSEN DRIVE,"935 ANDERSEN DRIVE, SAN RAFAEL, CA 94901",94901,37.956612,-122.506152,(415) 259-0285,high,api,2026-03-11T22:23:57.213197+00:00
Smart & Final,smart_and_final,723,723 - Fairfield - N. Texas St.,"2525 N TEXAS ST, STE C","2525 N TEXAS ST, STE C, FAIRFIELD, CA 94533",94533,38.274802,-122.034221,(707) 421-2414,high,api,2026-03-11T22:22:51.325578+00:00
Smart & Final,smart_and_final,424,424 - Fremont - Walnut Ave,3171 WALNUT AVENUE,"3171 WALNUT AVENUE, FREMONT, CA 94538",94538,37.551385,-121.978446,(510) 790-7188,high,api,2026-03-11T22:22:53.740799+00:00
Smart & Final,smart_and_final,523,523 - Union City,31070 DYER STREET,"31070 DYER STREET, UNION CITY, CA 94587",94587,37.602197,-122.069586,(510) 475-2633,high,api,2026-03-11T22:22:53.740759+00:00
Smart & Final,smart_and_final,779,779 - Milpitas,401 JACKLIN ROAD,"401 JACKLIN ROAD, MILPITAS, CA 95035",95035,37.4473928,-121.9023628,(408) 941-9642,high,api,2026-03-11T22:22:33.123121+00:00
Smart & Final,smart_and_final,596,596 - Pleasanton,5775 JOHNSON DRIVE,"5775 JOHNSON DRIVE, PLEASANTON, CA 94588",94588,37.698936,-121.907256,(925) 730-0101,high,api,2026-03-11T22:22:54.942062+00:00
Smart & Final,smart_and_final,782,782 - Petaluma,465 N MCDOWELL BLVD,"465 N MCDOWELL BLVD, PETALUMA, CA 94954",94954,38.2561949,-122.6384008,(707) 762-1936,high,api,2026-03-11T22:23:54.712886+00:00
Smart & Final,smart_and_final,703,703 - Citrus Heights,7945 MADISON AVENUE,"7945 MADISON AVENUE, CITRUS HEIGHTS, CA 95610",95610,38.664022,-121.269796,(916) 961-1202,high,api,2026-03-11T22:25:04.446139+00:00
Smart & Final,smart_and_final,729,729 - Roseville,"1159 ROSEVILLE SQUARE, STE 150","1159 ROSEVILLE SQUARE, STE 150, ROSEVILLE, CA 95678",95678,38.746144,-121.273966,(916) 772-7702,high,api,2026-03-11T22:25:03.106447+00:00
Smart & Final,smart_and_final,701,701 - Rancho Cordova,2344 SUNRISE BLVD,"2344 SUNRISE BLVD, RANCHO CORDOVA, CA 95670",95670,38.617279,-121.268638,(916) 638-8660,high,api,2026-03-11T22:25:04.446125+00:00
Smart & Final,smart_and_final,582,582 - Carmichael,7226 FAIR OAKS BLVD,"7226 FAIR OAKS BLVD, CARMICHAEL, CA 95608",95608,38.632641,-121.329399,(916) 486-6315,high,api,2026-03-11T22:25:04.446067+00:00
Smart & Final,smart_and_final,591,591 - Sacramento - Watt Ave,1734 WATT AVENUE,"1734 WATT AVENUE, SACRAMENTO, CA 95825",95825,38.596422,-121.382835,(916) 484-7402,high,api,2026-03-11T22:25:04.446024+00:00
Smart & Final,smart_and_final,722,722 - Elk Grove,8787 ELK GROVE BLVD,"8787 ELK GROVE BLVD, ELK GROVE, CA 95624",95624,38.4101026,-121.3768379,(916) 685-7375,high,api,2026-03-11T22:24:54.512084+00:00
Smart & Final,smart_and_final,806,806 - Sacramento,5128 STOCKTON BLVD.,"5128 STOCKTON BLVD., SACRAMENTO, CA 95820",95820,38.5283564,-121.445368,(916) 504-4223,high,api,2026-03-11T22:25:04.446085+00:00
Smart & Final,smart_and_final,479,479 - Sacramento,7205 FREEPORT BLVD,"7205 FREEPORT BLVD, SACRAMENTO, CA 95831",95831,38.4953695,-121.5059563,(916) 399-5859,high,api,2026-03-11T22:25:04.446152+00:00
Smart & Final,smart_and_final,724,724 - Sacramento - Northgate,3315 NORTHGATE BLVD,"3315 NORTHGATE BLVD, SACRAMENTO, CA 95834",95834,38.628389,-121.476874,(916) 565-1501,high,api,2026-03-11T22:25:04.446112+00:00
Smart & Final,smart_and_final,593,593 - Lodi,215 E. LODI AVENUE,"215 E. LODI AVENUE, LODI, CA 95240",95240,38.130652,-121.269412,(916) 638-8660,high,api,2026-03-11T22:24:05.960569+00:00
Smart & Final,smart_and_final,711,711 - Auburn,2825 GRASS VALLEY HIGHWAY,"2825 GRASS VALLEY HIGHWAY, AUBURN, CA 95603",95603,38.918059,-121.080789,(530) 823-1205,high,api,2026-03-11T22:24:10.899257+00:00
Smart & Final,smart_and_final,405,405 - Sacramento - 28th Street,2431 28TH STREET,"2431 28TH STREET, SACRAMENTO, CA 95818",95818,38.558142,-121.47586,(916) 451-0416,high,api,2026-03-11T22:25:04.446099+00:00
